EventID,reader1,sample,AnnotationID,Number,smartUser,mark,distance,pixelDistance,pixelsPerMillimeter,ices_area,reader
74,R07,546,1399,7,Rasmussenh,1,3.05749503980577,856.098611145616,280,27.4.a,R07 DK
74,R03,546,5219,3,sindahl,1,3.06820801102713,859.098243087598,280,27.4.a,R03 DK
74,R07,547,1401,7,Rasmussenh,1,3.24392053406605,908.297749538493,280,27.4.a,R07 DK
74,R07,548,1403,7,Rasmussenh,1,3.20971865709228,898.721223985839,280,27.4.a,R07 DK
74,R07,549,1405,7,Rasmussenh,1,3.68451302803484,1031.66364784976,280,27.4.a,R07 DK
74,R07,550,1407,7,Rasmussenh,1,3.43359720684587,961.407217916845,280,27.4.a,R07 DK
74,R03,550,5211,3,sindahl,1,3.42655445764784,959.435248141396,280,27.4.a,R03 DK
74,R07,551,1409,7,Rasmussenh,1,3.13883026104238,878.872473091867,280,27.4.a,R07 DK
74,R03,551,5209,3,sindahl,1,3.18183588703974,890.914048371126,280,27.4.a,R03 DK
74,R07,552,1609,7,Rasmussenh,1,3.35289402489131,938.810326969565,280,27.4.a,R07 DK
74,R07,553,1413,7,Rasmussenh,1,3.01046191582977,842.929336432336,280,27.4.a,R07 DK
74,R03,554,5203,3,sindahl,1,4.11468854914373,1152.11279376024,280,27.4.a,R03 DK
74,R03,555,5201,3,sindahl,1,3.62781367795997,1015.78782982879,280,27.4.a,R03 DK
74,R03,557,5197,3,sindahl,1,4.25255758416218,1190.71612356541,280,27.4.a,R03 DK
74,R03,558,5195,3,sindahl,1,4.31280848721888,1207.58637642129,280,27.4.a,R03 DK
74,R03,559,5193,3,sindahl,1,4.5563546425956,1275.77929992677,280,27.4.a,R03 DK
74,R07,560,1435,7,Rasmussenh,1,3.52333678209489,986.53429898657,280,27.4.a,R07 DK
74,R07,560,1435,7,Rasmussenh,2,3.97105908333383,1111.89654333347,280,27.4.a,R07 DK
74,R03,560,5191,3,sindahl,1,4.06119786522043,1137.13540226172,280,27.4.a,R03 DK
74,R03,561,5189,3,sindahl,1,3.93677370687213,1102.2966379242,280,27.4.a,R03 DK
74,R03,562,5187,3,sindahl,1,4.031972031941,1128.95216894348,280,27.4.a,R03 DK
74,R07,563,1441,7,Rasmussenh,1,3.5875508362113,1004.51423413916,280,27.4.a,R07 DK
74,R07,563,1441,7,Rasmussenh,2,4.26804073118005,1195.05140473041,280,27.4.a,R07 DK
74,R03,563,5185,3,sindahl,1,3.93419396822037,1101.5743111017,280,27.4.a,R03 DK
74,R03,564,5182,3,sindahl,1,3.12372412742817,874.642755679888,280,27.4.a,R03 DK
74,R03,564,5182,3,sindahl,2,4.46631363324825,1250.56781730951,280,27.4.a,R03 DK
74,R03,565,5180,3,sindahl,2,4.63553529773684,1297.94988336632,280,27.4.a,R03 DK
74,R03,565,5180,3,sindahl,1,3.44351253150513,964.183508821437,280,27.4.a,R03 DK
74,R03,566,5178,3,sindahl,2,4.48660266898538,1256.24874731591,280,27.4.a,R03 DK
74,R03,566,5178,3,sindahl,1,3.58193083766426,1002.94063454599,280,27.4.a,R03 DK
74,R03,567,5176,3,sindahl,1,3.60093695512314,1008.26234743448,280,27.4.a,R03 DK
74,R03,567,5176,3,sindahl,2,4.38066248599767,1226.58549607935,280,27.4.a,R03 DK
74,R03,568,5174,3,sindahl,2,4.47105201511036,1251.8945642309,280,27.4.a,R03 DK
74,R03,568,5174,3,sindahl,1,3.55865203336538,996.422569342306,280,27.4.a,R03 DK
74,R03,586,5135,3,sindahl,1,3.04782446822477,853.390851102935,280,27.4.a,R03 DK
74,R07,587,1496,7,Rasmussenh,1,3.83895326530475,1074.90691428533,280,27.4.a,R07 DK
74,R07,587,1496,7,Rasmussenh,2,4.20890216464607,1178.4926061009,280,27.4.a,R07 DK
74,R03,587,5133,3,sindahl,1,3.87615664427321,1085.3238603965,280,27.4.a,R03 DK
74,R03,588,5131,3,sindahl,1,3.03088862731068,848.648815646991,280,27.4.a,R03 DK
74,R03,589,5127,3,sindahl,1,3.41902314425521,957.32648039146,280,27.4.a,R03 DK
74,R03,590,5125,3,sindahl,1,3.45948263396146,968.655137509208,280,27.4.a,R03 DK
74,R03,591,5123,3,sindahl,1,4.23665505932145,1186.26341661001,280,27.4.a,R03 DK
74,R03,592,5121,3,sindahl,1,4.2286678647568,1184.02700213191,280,27.4.a,R03 DK
74,R03,535,5119,3,sindahl,1,4.11047823931179,1150.9339070073,280,27.4.a,R03 DK
74,R03,536,5117,3,sindahl,1,3.59194083612634,1005.74343411538,280,27.4.a,R03 DK
74,R03,537,5115,3,sindahl,2,3.84284369667481,1075.99623506895,280,27.4.a,R03 DK
74,R03,537,5115,3,sindahl,1,2.48043848691686,694.522776336722,280,27.4.a,R03 DK
74,R07,598,1387,7,Rasmussenh,1,0.649617232273923,181.892825036698,280,27.4.a,R07 DK
74,R08,598,2784,8,hendersong,1,0.656724973517398,183.882992584871,280,27.4.a,R08 DK
74,R05,598,4587,5,skadal,1,0.642509491030448,179.902657488525,280,27.4.a,R05 DK
74,R07,599,1599,7,Rasmussenh,1,0.568764814398241,159.254148031507,280,27.4.a,R07 DK
74,R05,599,4590,5,skadal,1,0.590161684220095,165.245271581627,280,27.4.a,R05 DK
74,R07,600,1391,7,Rasmussenh,1,0.688719094161698,192.841346365275,280,27.4.a,R07 DK
74,R08,600,2789,8,hendersong,1,0.695832350227601,194.833058063728,280,27.4.a,R08 DK
74,R05,600,4413,5,skadal,1,0.710058862359408,198.816481460634,280,27.4.a,R05 DK
74,R05,601,4415,5,skadal,1,0.523186523078562,146.492226461997,280,27.4.a,R05 DK
74,R07,602,1397,7,Rasmussenh,1,0.722142714477623,202.199960053734,280,27.4.a,R07 DK
74,R05,602,4592,5,skadal,1,0.801417628950013,224.396936106004,280,27.4.a,R05 DK
74,R07,603,1395,7,Rasmussenh,1,0.613161726578605,171.685283442009,280,27.4.a,R07 DK
74,R09,603,2496,9,gillespiemules,1,0.62377430767961,174.656806150291,280,27.4.a,R09 DK
74,R08,603,2797,8,hendersong,1,0.609133277425978,170.557317679274,280,27.4.a,R08 DK
74,R06,603,3228,6,Huseboe,1,0.627311834713278,175.647313719718,280,27.4.a,R06 DK
74,R02,603,3709,2,Mjanger,1,0.616699253612273,172.675791011436,280,27.4.a,R02 DK
74,R01,603,4114,1,solbakken,1,0.627311834713278,175.647313719718,280,27.4.a,R01 DK
74,R05,603,4594,5,skadal,1,0.616699253612273,172.675791011436,280,27.4.a,R05 DK
74,R03,603,5221,3,sindahl,1,0.613161726578605,171.685283442009,280,27.4.a,R03 DK
74,R09,604,2495,9,gillespiemules,1,0.394816502632625,110.548620737135,280,27.4.a,R09 DK
74,R06,604,3230,6,Huseboe,1,0.391262639522418,109.553539066277,280,27.4.a,R06 DK
74,R02,604,3710,2,Mjanger,1,0.394816502632625,110.548620737135,280,27.4.a,R02 DK
74,R01,604,4116,1,solbakken,1,0.384154913302003,107.563375724561,280,27.4.a,R01 DK
74,R05,604,4596,5,skadal,1,0.398370365742832,111.543702407993,280,27.4.a,R05 DK
74,R09,605,2494,9,gillespiemules,1,0.699726562156585,195.923437403844,280,27.4.a,R09 DK
74,R08,605,2801,8,hendersong,1,0.681608002731596,190.850240764847,280,27.4.a,R08 DK
74,R06,605,3232,6,Huseboe,1,0.706836040818221,197.914091429102,280,27.4.a,R06 DK
74,R02,605,3711,2,Mjanger,1,0.699726562156585,195.923437403844,280,27.4.a,R02 DK
74,R01,605,4324,1,solbakken,1,0.713945519479857,199.90474545436,280,27.4.a,R01 DK
74,R05,605,4598,5,skadal,1,0.703281301487403,196.918764416473,280,27.4.a,R05 DK
74,R03,605,5217,3,sindahl,1,0.689062344164132,192.937456365957,280,27.4.a,R03 DK
74,R09,606,2493,9,gillespiemules,1,0.671437414133214,188.0024759573,280,27.4.a,R09 DK
74,R08,606,2803,8,hendersong,1,0.660723210803873,185.002499025085,280,27.4.a,R08 DK
74,R08,606,2803,8,hendersong,2,0.875007277390682,245.002037669391,280,27.4.a,R08 DK
74,R05,606,4600,5,skadal,1,0.675008815242994,189.002468268038,280,27.4.a,R05 DK
74,R03,606,5215,3,sindahl,1,0.678580216352774,190.002460578777,280,27.4.a,R03 DK
74,R01,606,4122,1,solbakken,1,0.660723210803873,185.002499025085,280,27.4.a,R01 DK
74,R06,606,3234,6,Huseboe,1,0.671437414133214,188.0024759573,280,27.4.a,R06 DK
74,R02,606,3712,2,Mjanger,1,0.675008815242994,189.002468268038,280,27.4.a,R02 DK
74,R09,607,2492,9,gillespiemules,1,0.750185589763931,210.051965133901,280,27.4.a,R09 DK
74,R08,607,2805,8,hendersong,1,0.724955917547973,202.987656913432,280,27.4.a,R08 DK
74,R08,607,2805,8,hendersong,2,0.864971174242724,242.191928787963,280,27.4.a,R08 DK
74,R06,607,3334,6,Huseboe,1,0.724955917547973,202.987656913432,280,27.4.a,R06 DK
74,R02,607,3713,2,Mjanger,1,0.753739823203106,211.04715049687,280,27.4.a,R02 DK
74,R01,607,4124,1,solbakken,1,0.739172851304671,206.968398365308,280,27.4.a,R01 DK
74,R03,607,5213,3,sindahl,1,0.753739823203106,211.04715049687,280,27.4.a,R03 DK
74,R05,607,4602,5,skadal,1,0.750185589763931,210.051965133901,280,27.4.a,R05 DK
74,R09,608,2491,9,gillespiemules,1,0.690208065061378,193.258258217186,280,27.4.a,R09 DK
74,R08,608,2807,8,hendersong,1,0.661495560886611,185.218757048251,280,27.4.a,R08 DK
74,R08,608,2807,8,hendersong,2,0.843944946238081,236.304584946663,280,27.4.a,R08 DK
74,R06,608,3239,6,Huseboe,1,0.686465305693655,192.210285594224,280,27.4.a,R06 DK
74,R02,608,3714,2,Mjanger,1,0.675763986490637,189.213916217378,280,27.4.a,R02 DK
74,R01,608,4126,1,solbakken,1,0.675763986490637,189.213916217378,280,27.4.a,R01 DK
74,R05,608,4604,5,skadal,1,0.693775171462384,194.257048009468,280,27.4.a,R05 DK
74,R09,609,2490,9,gillespiemules,1,0.560815533987475,157.028349516493,280,27.4.a,R09 DK
74,R06,609,3241,6,Huseboe,1,0.553674265904785,155.02879445334,280,27.4.a,R06 DK
74,R02,609,3715,2,Mjanger,1,0.56438616802882,158.02812704807,280,27.4.a,R02 DK
74,R01,609,4129,1,solbakken,1,0.582239338235546,163.027014705953,280,27.4.a,R01 DK
74,R05,609,4606,5,skadal,1,0.567956802070165,159.027904579646,280,27.4.a,R05 DK
74,R09,610,2489,9,gillespiemules,1,0.674044163946119,188.732365904913,280,27.4.a,R09 DK
74,R06,610,3243,6,Huseboe,1,0.69224747689336,193.829293530141,280,27.4.a,R06 DK
74,R02,610,3716,2,Mjanger,1,0.688126956197566,192.675547735319,280,27.4.a,R02 DK
74,R01,610,4131,1,solbakken,1,0.670523465883257,187.746570447312,280,27.4.a,R01 DK
74,R05,610,4608,5,skadal,1,0.709850967207669,198.758270818147,280,27.4.a,R05 DK
74,R03,610,5207,3,sindahl,1,0.684606258134705,191.689752277717,280,27.4.a,R03 DK
74,R09,611,2488,9,gillespiemules,1,0.75617177051911,211.728095745351,280,27.4.a,R09 DK
74,R06,611,3336,6,Huseboe,1,0.763258282586564,213.712319124238,280,27.4.a,R06 DK
74,R02,611,3717,2,Mjanger,1,0.75617177051911,211.728095745351,280,27.4.a,R02 DK
74,R01,611,4133,1,solbakken,1,0.766801538620292,214.704430813682,280,27.4.a,R01 DK
74,R05,611,4610,5,skadal,1,0.759715026552837,212.720207434794,280,27.4.a,R05 DK
74,R03,611,5205,3,sindahl,1,0.730921274452042,204.657956846572,280,27.4.a,R03 DK
74,R07,612,1415,7,Rasmussenh,1,0.615322620638418,172.290333778757,280,27.4.a,R07 DK
74,R07,612,1415,7,Rasmussenh,2,0.947943470986458,265.424171876208,280,27.4.a,R07 DK
74,R09,612,2504,9,gillespiemules,1,0.718929535893717,201.300270050241,280,27.4.a,R09 DK
74,R01,612,4137,1,solbakken,1,0.708232590167076,198.305125246781,280,27.4.a,R01 DK
74,R01,612,4137,1,solbakken,2,1.037490898504,290.497451581119,280,27.4.a,R01 DK
74,R05,612,4450,5,skadal,1,0.711798238742623,199.303506847934,280,27.4.a,R05 DK
74,R05,612,4450,5,skadal,2,0.980237414730812,274.466476124627,280,27.4.a,R05 DK
74,R05,612,4450,5,skadal,3,1.05531914138173,295.489359586885,280,27.4.a,R05 DK
74,R06,612,3248,6,Huseboe,1,0.711798238742623,199.303506847934,280,27.4.a,R06 DK
74,R06,612,3248,6,Huseboe,2,1.00876260333519,282.453528933853,280,27.4.a,R06 DK
74,R02,612,3718,2,Mjanger,1,0.711798238742623,199.303506847934,280,27.4.a,R02 DK
74,R02,612,3718,2,Mjanger,2,0.930115228108722,260.432263870442,280,27.4.a,R02 DK
74,R07,613,1612,7,Rasmussenh,1,0.688432726228756,192.761163344052,280,27.4.a,R07 DK
74,R07,613,1612,7,Rasmussenh,2,0.854593852308168,239.286278646287,280,27.4.a,R07 DK
74,R09,613,2482,9,gillespiemules,1,0.721250439697685,201.950123115352,280,27.4.a,R09 DK
74,R08,613,2817,8,hendersong,1,0.692459034598838,193.888529687675,280,27.4.a,R08 DK
74,R08,613,2817,8,hendersong,2,0.876309515484511,245.366664335663,280,27.4.a,R08 DK
74,R06,613,3331,6,Huseboe,1,0.692459034598838,193.888529687675,280,27.4.a,R06 DK
74,R06,613,3331,6,Huseboe,2,0.883385257407016,247.347872073964,280,27.4.a,R06 DK
74,R02,613,3719,2,Mjanger,1,0.703072647482594,196.860341295126,280,27.4.a,R02 DK
74,R02,613,3719,2,Mjanger,2,0.876309515484511,245.366664335663,280,27.4.a,R02 DK
74,R01,613,4326,1,solbakken,1,0.699534776521342,195.869737425976,280,27.4.a,R01 DK
74,R05,613,4452,5,skadal,1,0.69599690556009,194.879133556825,280,27.4.a,R05 DK
74,R05,613,4452,5,skadal,2,0.883385257407016,247.347872073964,280,27.4.a,R05 DK
74,R09,614,2480,9,gillespiemules,1,0.707178540469882,198.009991331567,280,27.4.a,R09 DK
74,R06,614,3337,6,Huseboe,1,0.657181649589625,184.010861885095,280,27.4.a,R06 DK
74,R06,614,3337,6,Huseboe,2,0.867922660166686,243.018344846672,280,27.4.a,R06 DK
74,R02,614,3720,2,Mjanger,1,0.696464920995541,195.010177878752,280,27.4.a,R02 DK
74,R01,614,4329,1,solbakken,1,0.682180095029753,191.010426608331,280,27.4.a,R01 DK
74,R05,614,4612,5,skadal,1,0.75717543135014,212.009120778039,280,27.4.a,R05 DK
74,R05,614,4612,5,skadal,2,0.896492312098262,251.017847387513,280,27.4.a,R05 DK
74,R03,614,5199,3,sindahl,1,0.678608888538306,190.010488790726,280,27.4.a,R03 DK
74,R07,615,1426,7,Rasmussenh,1,0.585811873739775,164.027324647137,280,27.4.a,R07 DK
74,R07,615,1426,7,Rasmussenh,2,0.864403617381422,242.033012866798,280,27.4.a,R07 DK
74,R09,615,2478,9,gillespiemules,1,0.600095494150356,168.0267383621,280,27.4.a,R09 DK
74,R09,615,2478,9,gillespiemules,2,0.871545427586713,244.03271972428,280,27.4.a,R09 DK
74,R08,615,2821,8,hendersong,1,0.578670063534485,162.027617789656,280,27.4.a,R08 DK
74,R08,615,2821,8,hendersong,2,0.857261807176132,240.033306009317,280,27.4.a,R08 DK
74,R05,615,4468,5,skadal,1,0.621520924766228,174.025858934544,280,27.4.a,R05 DK
74,R05,615,4468,5,skadal,2,0.882258142894649,247.032280010502,280,27.4.a,R05 DK
74,R06,615,3254,6,Huseboe,1,0.585811873739775,164.027324647137,280,27.4.a,R06 DK
74,R06,615,3254,6,Huseboe,2,0.864403617381422,242.033012866798,280,27.4.a,R06 DK
74,R02,615,3721,2,Mjanger,1,0.596524589047711,167.026884933359,280,27.4.a,R02 DK
74,R02,615,3721,2,Mjanger,2,0.871545427586713,244.03271972428,280,27.4.a,R02 DK
74,R01,615,4143,1,solbakken,1,0.585811873739775,164.027324647137,280,27.4.a,R01 DK
74,R01,615,4143,1,solbakken,2,0.864403617381422,242.033012866798,280,27.4.a,R01 DK
74,R07,616,1622,7,Rasmussenh,1,0.457153925857997,128.003099240239,280,27.4.a,R07 DK
74,R07,616,1622,7,Rasmussenh,2,0.817926087498263,229.019304499514,280,27.4.a,R07 DK
74,R09,616,2476,9,gillespiemules,1,0.45001152985702,126.003228359966,280,27.4.a,R09 DK
74,R09,616,2476,9,gillespiemules,2,0.817926087498263,229.019304499514,280,27.4.a,R09 DK
74,R08,616,2823,8,hendersong,1,0.453582727857509,127.003163800102,280,27.4.a,R08 DK
74,R08,616,2823,8,hendersong,2,0.778602327697429,218.00865175528,280,27.4.a,R08 DK
74,R05,616,4614,5,skadal,1,0.464296321858974,130.002970120513,280,27.4.a,R05 DK
74,R05,616,4614,5,skadal,2,0.817926087498263,229.019304499514,280,27.4.a,R05 DK
74,R06,616,3256,6,Huseboe,1,0.4750504976559,133.014139343652,280,27.4.a,R06 DK
74,R06,616,3256,6,Huseboe,2,0.842924473501683,236.018852580471,280,27.4.a,R06 DK
74,R02,616,3722,2,Mjanger,1,0.453582727857509,127.003163800102,280,27.4.a,R02 DK
74,R02,616,3722,2,Mjanger,2,0.814354889497774,228.019369059377,280,27.4.a,R02 DK
74,R01,616,4334,1,solbakken,1,0.467867519859463,131.00290556065,280,27.4.a,R01 DK
74,R01,616,4334,1,solbakken,2,0.828639681499729,232.019110819924,280,27.4.a,R01 DK
74,R07,617,1433,7,Rasmussenh,1,0.508159408363169,142.284634341687,280,27.4.a,R07 DK
74,R07,617,1433,7,Rasmussenh,2,0.90159148602083,252.445616085832,280,27.4.a,R07 DK
74,R09,617,2474,9,gillespiemules,1,0.758565038667794,212.398210826982,280,27.4.a,R09 DK
74,R06,617,3258,6,Huseboe,1,0.765694491548083,214.394457633463,280,27.4.a,R06 DK
74,R06,617,3258,6,Huseboe,2,1.00540594253228,281.513663909037,280,27.4.a,R06 DK
74,R02,617,3723,2,Mjanger,1,0.758565038667794,212.398210826982,280,27.4.a,R02 DK
74,R02,617,3723,2,Mjanger,2,1.00897066897242,282.511787312278,280,27.4.a,R02 DK
74,R05,617,4478,5,skadal,1,0.751435585787506,210.401964020502,280,27.4.a,R05 DK
74,R05,617,4478,5,skadal,2,1.08426731396271,303.594847909559,280,27.4.a,R05 DK
74,R09,618,2465,9,gillespiemules,1,0.844338702476562,236.414836693437,280,27.4.a,R09 DK
74,R09,618,2465,9,gillespiemules,2,1.044622918939,292.494417302921,280,27.4.a,R09 DK
74,R08,618,2827,8,hendersong,1,0.837208099238548,234.418267786794,280,27.4.a,R08 DK
74,R08,618,2827,8,hendersong,2,1.05175352217702,294.490986209565,280,27.4.a,R08 DK
74,R06,618,3260,6,Huseboe,1,0.847904004095569,237.413121146759,280,27.4.a,R06 DK
74,R06,618,3260,6,Huseboe,2,1.04818822055801,293.492701756243,280,27.4.a,R06 DK
74,R02,618,3724,2,Mjanger,1,0.844338702476562,236.414836693437,280,27.4.a,R02 DK
74,R02,618,3724,2,Mjanger,2,1.06978913887141,299.540958883994,280,27.4.a,R02 DK
74,R01,618,4151,1,solbakken,1,0.840773400857555,235.416552240115,280,27.4.a,R01 DK
74,R01,618,4151,1,solbakken,2,1.1413042798509,319.565198358251,280,27.4.a,R01 DK
74,R05,618,4481,5,skadal,1,0.844338702476562,236.414836693437,280,27.4.a,R05 DK
74,R05,618,4481,5,skadal,2,1.12683396477551,315.513510137144,280,27.4.a,R05 DK
74,R07,619,1437,7,Rasmussenh,1,0.578845966602235,162.076870648626,280,27.4.a,R07 DK
74,R07,619,1437,7,Rasmussenh,2,0.939719259259437,263.121392592642,280,27.4.a,R07 DK
74,R09,619,2463,9,gillespiemules,1,0.739596207282641,207.08693803914,280,27.4.a,R09 DK
74,R09,619,2463,9,gillespiemules,2,0.982558351983208,275.116338555298,280,27.4.a,R09 DK
74,R08,619,2829,8,hendersong,1,0.728886434101699,204.088201548476,280,27.4.a,R08 DK
74,R08,619,2829,8,hendersong,2,0.961138805621322,269.11886557397,280,27.4.a,R08 DK
74,R05,619,4483,5,skadal,1,0.739596207282641,207.08693803914,280,27.4.a,R05 DK
74,R05,619,4483,5,skadal,2,0.97898842758956,274.116759725077,280,27.4.a,R05 DK
74,R05,619,4483,5,skadal,3,1.04692063403513,293.137777529836,280,27.4.a,R05 DK
74,R06,619,3262,6,Huseboe,1,0.725316509708051,203.088622718254,280,27.4.a,R06 DK
74,R06,619,3262,6,Huseboe,2,0.982558351983208,275.116338555298,280,27.4.a,R06 DK
74,R02,619,3725,2,Mjanger,1,0.753875904857231,211.085253360025,280,27.4.a,R02 DK
74,R02,619,3725,2,Mjanger,2,0.996838049557798,279.114653876183,280,27.4.a,R02 DK
74,R01,619,4153,1,solbakken,1,0.750305980463584,210.085674529803,280,27.4.a,R01 DK
74,R01,619,4153,1,solbakken,2,1.00397789834509,281.113811536626,280,27.4.a,R01 DK
74,R07,620,1439,7,Rasmussenh,1,0.775007233521875,217.002025386125,280,27.4.a,R07 DK
74,R07,620,1439,7,Rasmussenh,2,0.989310996847046,277.007079117173,280,27.4.a,R07 DK
74,R09,620,2461,9,gillespiemules,1,0.778578593204656,218.002006097304,280,27.4.a,R09 DK
74,R09,620,2461,9,gillespiemules,2,1.00716779526095,282.006982673067,280,27.4.a,R09 DK
74,R08,620,2831,8,hendersong,1,0.771435873839093,216.002044674946,280,27.4.a,R08 DK
74,R08,620,2831,8,hendersong,2,0.989310996847046,277.007079117173,280,27.4.a,R08 DK
74,R05,620,4485,5,skadal,1,0.78572131257022,220.001967519661,280,27.4.a,R05 DK
74,R05,620,4485,5,skadal,2,1.00716779526095,282.006982673067,280,27.4.a,R05 DK
74,R06,620,3264,6,Huseboe,1,0.796435391618564,223.001909653198,280,27.4.a,R06 DK
74,R06,620,3264,6,Huseboe,2,1.00716779526095,282.006982673067,280,27.4.a,R06 DK
74,R02,620,3726,2,Mjanger,1,0.78572131257022,220.001967519661,280,27.4.a,R02 DK
74,R02,620,3726,2,Mjanger,2,1.0571668308199,296.006712629571,280,27.4.a,R02 DK
74,R01,620,4158,1,solbakken,1,0.789292672253001,221.00194823084,280,27.4.a,R01 DK
74,R01,620,4158,1,solbakken,2,1.02145323399208,286.006905517782,280,27.4.a,R01 DK
74,R09,621,2459,9,gillespiemules,1,0.893377163621992,250.145605814158,280,27.4.a,R09 DK
74,R06,621,3266,6,Huseboe,1,0.896777018167392,251.09756508687,280,27.4.a,R06 DK
74,R02,621,3727,2,Mjanger,1,0.882083940481678,246.98350333487,280,27.4.a,R02 DK
74,R02,621,3727,2,Mjanger,2,1.02440232725625,286.83265163175,280,27.4.a,R02 DK
74,R01,621,4336,1,solbakken,1,0.416755596687511,116.691567072503,280,27.4.a,R01 DK
74,R01,621,4336,1,solbakken,2,0.870790717341364,243.821400855582,280,27.4.a,R01 DK
74,R05,621,4487,5,skadal,1,0.888883649572478,248.887421880294,280,27.4.a,R05 DK
74,R05,621,4487,5,skadal,2,1.03120203634705,288.736570177173,280,27.4.a,R05 DK
74,R07,622,1443,7,Rasmussenh,1,0.792220267277257,221.821674837632,280,27.4.a,R07 DK
74,R07,622,1443,7,Rasmussenh,2,1.01846396796399,285.169911029917,280,27.4.a,R07 DK
74,R09,622,2457,9,gillespiemules,1,0.799210380631152,223.778906576723,280,27.4.a,R09 DK
74,R09,622,2457,9,gillespiemules,2,1.03667388109611,290.268686706911,280,27.4.a,R09 DK
74,R06,622,3268,6,Huseboe,1,0.799210380631152,223.778906576723,280,27.4.a,R06 DK
74,R06,622,3268,6,Huseboe,2,1.02894913799483,288.105758638553,280,27.4.a,R06 DK
74,R02,622,3728,2,Mjanger,1,0.810430180409379,226.920450514626,280,27.4.a,R02 DK
74,R02,622,3728,2,Mjanger,2,1.03667388109611,290.268686706911,280,27.4.a,R02 DK
74,R01,622,4162,1,solbakken,1,0.774010354145136,216.722899160638,280,27.4.a,R01 DK
74,R01,622,4162,1,solbakken,2,1.01073922486271,283.006982961559,280,27.4.a,R01 DK
74,R05,622,4489,5,skadal,1,0.810430180409379,226.920450514626,280,27.4.a,R05 DK
74,R05,622,4489,5,skadal,2,1.02545408131789,287.127142769008,280,27.4.a,R05 DK
74,R07,623,1445,7,Rasmussenh,1,0.757982780254748,212.235178471329,280,27.4.a,R07 DK
74,R07,623,1445,7,Rasmussenh,2,0.997508244355374,279.302308419505,280,27.4.a,R07 DK
74,R09,623,2455,9,gillespiemules,1,0.747119051182352,209.193334331058,280,27.4.a,R09 DK
74,R09,623,2455,9,gillespiemules,2,0.990212347643037,277.25945734005,280,27.4.a,R09 DK
74,R08,623,2837,8,hendersong,1,0.757982780254748,212.235178471329,280,27.4.a,R08 DK
74,R08,623,2837,8,hendersong,2,0.97237318584274,272.264492035967,280,27.4.a,R08 DK
74,R05,623,4491,5,skadal,1,0.757982780254748,212.235178471329,280,27.4.a,R05 DK
74,R05,623,4491,5,skadal,2,0.979508850562859,274.2624781576,280,27.4.a,R05 DK
74,R05,623,4491,5,skadal,3,1.10827127950943,310.31595826264,280,27.4.a,R05 DK
74,R06,623,3270,6,Huseboe,1,0.768686277334925,215.232157653779,280,27.4.a,R06 DK
74,R06,623,3270,6,Huseboe,2,0.986644515282977,276.260464279234,280,27.4.a,R06 DK
74,R02,623,3729,2,Mjanger,1,0.757982780254748,212.235178471329,280,27.4.a,R02 DK
74,R02,623,3729,2,Mjanger,2,0.997508244355374,279.302308419505,280,27.4.a,R02 DK
74,R01,623,4164,1,solbakken,1,0.757982780254748,212.235178471329,280,27.4.a,R01 DK
74,R01,623,4164,1,solbakken,2,1.00821174143555,282.299287601954,280,27.4.a,R01 DK
74,R09,624,2453,9,gillespiemules,1,0.726062395782718,203.297470819161,280,27.4.a,R09 DK
74,R09,624,2453,9,gillespiemules,2,0.987167581956468,276.406922947811,280,27.4.a,R09 DK
74,R06,624,3272,6,Huseboe,1,0.733194070275969,205.294339677271,280,27.4.a,R06 DK
74,R06,624,3272,6,Huseboe,2,0.980035907463218,274.410054089701,280,27.4.a,R06 DK
74,R02,624,3730,2,Mjanger,1,0.729628233029343,204.295905248216,280,27.4.a,R02 DK
74,R02,624,3730,2,Mjanger,2,0.987167581956468,276.406922947811,280,27.4.a,R02 DK
74,R01,624,4340,1,solbakken,1,0.744091348808372,208.345577666344,280,27.4.a,R01 DK
74,R01,624,4340,1,solbakken,2,0.987167581956468,276.406922947811,280,27.4.a,R01 DK
74,R01,624,4340,1,solbakken,3,1.11593725642003,312.462431797608,280,27.4.a,R01 DK
74,R05,624,4493,5,skadal,1,0.726062395782718,203.297470819161,280,27.4.a,R05 DK
74,R05,624,4493,5,skadal,2,1.11593725642003,312.462431797608,280,27.4.a,R05 DK
74,R05,624,4493,5,skadal,3,1.18032209365181,330.490186222507,280,27.4.a,R05 DK
74,R07,625,1451,7,Rasmussenh,1,0.662100597213979,185.388167219914,280,27.4.a,R07 DK
74,R07,625,1451,7,Rasmussenh,2,1.03436956038924,289.623476908988,280,27.4.a,R07 DK
74,R09,625,2451,9,gillespiemules,1,0.873298576574969,244.523601440991,280,27.4.a,R09 DK
74,R09,625,2451,9,gillespiemules,2,1.09186356278617,305.721797580126,280,27.4.a,R09 DK
74,R08,625,2841,8,hendersong,1,0.894918912990678,250.57729563739,280,27.4.a,R08 DK
74,R08,625,2841,8,hendersong,2,1.07024322637046,299.668103383728,280,27.4.a,R08 DK
74,R05,625,4495,5,skadal,1,0.877102251033799,245.588630289464,280,27.4.a,R05 DK
74,R05,625,4495,5,skadal,2,1.09899022756892,307.717263719297,280,27.4.a,R05 DK
74,R06,625,3274,6,Huseboe,1,0.873298576574969,244.523601440991,280,27.4.a,R06 DK
74,R06,625,3274,6,Huseboe,2,1.08449655593596,303.659035662069,280,27.4.a,R06 DK
74,R02,625,3731,2,Mjanger,1,0.877102251033799,245.588630289464,280,27.4.a,R02 DK
74,R02,625,3731,2,Mjanger,2,1.11324355713442,311.708195997638,280,27.4.a,R02 DK
74,R01,625,4168,1,solbakken,1,0.887792248207926,248.581829498219,280,27.4.a,R01 DK
74,R01,625,4168,1,solbakken,2,1.10255355996029,308.714996788882,280,27.4.a,R01 DK
74,R07,626,1453,7,Rasmussenh,1,0.746975184006827,209.153051521912,280,27.4.a,R07 DK
74,R07,626,1453,7,Rasmussenh,2,1.01147722014661,283.21362164105,280,27.4.a,R07 DK
74,R09,626,2449,9,gillespiemules,1,0.797074944502262,223.180984460633,280,27.4.a,R09 DK
74,R09,626,2449,9,gillespiemules,2,1.06500976139042,298.202733189319,280,27.4.a,R09 DK
74,R08,626,2843,8,hendersong,1,0.779094708753117,218.146518450873,280,27.4.a,R08 DK
74,R08,626,2843,8,hendersong,2,1.05787208922458,296.204184982883,280,27.4.a,R08 DK
74,R01,626,4170,1,solbakken,3,1.17234695454714,328.257147273198,280,27.4.a,R01 DK
74,R05,626,4497,5,skadal,1,0.797074944502262,223.180984460633,280,27.4.a,R05 DK
74,R05,626,4497,5,skadal,2,1.05787208922458,296.204184982883,280,27.4.a,R05 DK
74,R05,626,4497,5,skadal,3,1.16150439096383,325.221229469873,280,27.4.a,R05 DK
74,R06,626,3276,6,Huseboe,1,0.804212616668105,225.179532667069,280,27.4.a,R06 DK
74,R06,626,3276,6,Huseboe,2,1.0614409253075,297.203459086101,280,27.4.a,R06 DK
74,R02,626,3732,2,Mjanger,1,0.807781452751026,226.178806770287,280,27.4.a,R02 DK
74,R02,626,3732,2,Mjanger,2,1.06857859747335,299.202007292537,280,27.4.a,R02 DK
74,R01,626,4170,1,solbakken,1,0.789801217001881,221.144340760527,280,27.4.a,R01 DK
74,R01,626,4170,1,solbakken,2,1.07942116105665,302.237925095862,280,27.4.a,R01 DK
74,R07,631,1463,7,Rasmussenh,1,0.51637629749127,144.585363297556,280,27.4.a,R07 DK
74,R05,631,4527,5,skadal,1,0.602386600392526,168.668248109907,280,27.4.a,R05 DK
74,R05,634,4538,5,skadal,1,0.569471504219173,159.452021181368,280,27.4.a,R05 DK
74,R07,635,1471,7,Rasmussenh,1,0.62290254077556,174.412711417157,280,27.4.a,R07 DK
74,R07,636,1473,7,Rasmussenh,1,0.578989183288302,162.116971320725,280,27.4.a,R07 DK
74,R08,636,2864,8,hendersong,1,0.575441609149633,161.123650561897,280,27.4.a,R08 DK
74,R05,636,4542,5,skadal,1,0.593179479842977,166.090254356034,280,27.4.a,R05 DK
74,R07,637,1475,7,Rasmussenh,1,0.642310055156386,179.846815443788,280,27.4.a,R07 DK
74,R07,637,1475,7,Rasmussenh,2,0.726370490576063,203.383737361298,280,27.4.a,R07 DK
74,R05,637,4544,5,skadal,1,0.657025987097137,183.967276387198,280,27.4.a,R05 DK
74,R05,637,4544,5,skadal,2,0.741086422516814,207.504198304708,280,27.4.a,R05 DK
74,R07,638,1477,7,Rasmussenh,1,0.802650198935169,224.742055701847,280,27.4.a,R07 DK
74,R07,638,1477,7,Rasmussenh,2,0.994075458576703,278.341128401477,280,27.4.a,R07 DK
74,R09,638,2528,9,gillespiemules,1,0.820845963277005,229.836869717561,280,27.4.a,R09 DK
74,R08,638,2868,8,hendersong,1,0.799122572403873,223.754320273085,280,27.4.a,R08 DK
74,R08,638,2868,8,hendersong,2,0.998160716793357,279.48500070214,280,27.4.a,R08 DK
74,R06,638,3204,6,Huseboe,1,0.824373589808301,230.824605146324,280,27.4.a,R06 DK
74,R01,638,4257,1,solbakken,1,0.802650198935169,224.742055701847,280,27.4.a,R01 DK
74,R05,638,4546,5,skadal,1,0.802650198935169,224.742055701847,280,27.4.a,R05 DK
74,R03,638,5148,3,sindahl,1,0.81731833674571,228.849134288799,280,27.4.a,R03 DK
74,R07,639,1484,7,Rasmussenh,1,0.590839859245562,165.435160588757,280,27.4.a,R07 DK
74,R09,639,2527,9,gillespiemules,1,0.65878079841884,184.458623557275,280,27.4.a,R09 DK
74,R08,639,2870,8,hendersong,1,0.640967194384414,179.470814427636,280,27.4.a,R08 DK
74,R06,639,3310,6,Huseboe,1,0.665906240032611,186.453747209131,280,27.4.a,R06 DK
74,R01,639,4261,1,solbakken,1,0.640967194384414,179.470814427636,280,27.4.a,R01 DK
74,R05,639,4548,5,skadal,1,0.662343519225725,185.456185383203,280,27.4.a,R05 DK
74,R03,639,5146,3,sindahl,1,0.637155229735071,178.40346432582,280,27.4.a,R03 DK
74,R07,640,1486,7,Rasmussenh,1,0.684894712078713,191.77051938204,280,27.4.a,R07 DK
74,R09,640,2526,9,gillespiemules,1,0.691972925638714,193.75241917884,280,27.4.a,R09 DK
74,R08,640,2872,8,hendersong,1,0.677337097600305,189.654387328085,280,27.4.a,R08 DK
74,R06,640,3307,6,Huseboe,1,0.681355605298712,190.779569483639,280,27.4.a,R06 DK
74,R02,640,3747,2,Mjanger,1,0.691972925638714,193.75241917884,280,27.4.a,R02 DK
74,R01,640,4264,1,solbakken,1,0.677337097600305,189.654387328085,280,27.4.a,R01 DK
74,R05,640,4550,5,skadal,1,0.695512032418715,194.74336907724,280,27.4.a,R05 DK
74,R03,640,5143,3,sindahl,1,0.691972925638714,193.75241917884,280,27.4.a,R03 DK
74,R07,641,1488,7,Rasmussenh,1,0.668095543559334,187.066752196614,280,27.4.a,R07 DK
74,R09,641,2525,9,gillespiemules,1,0.682375793001358,191.06522204038,280,27.4.a,R09 DK
74,R08,641,2874,8,hendersong,1,0.653815294117311,183.068282352847,280,27.4.a,R08 DK
74,R06,641,3330,6,Huseboe,1,0.664525481198828,186.067134735672,280,27.4.a,R06 DK
74,R02,641,3748,2,Mjanger,1,0.668095543559334,187.066752196614,280,27.4.a,R02 DK
74,R01,641,4268,1,solbakken,1,0.664525481198828,186.067134735672,280,27.4.a,R01 DK
74,R05,641,4552,5,skadal,1,0.660955418838323,185.06751727473,280,27.4.a,R05 DK
74,R03,641,5141,3,sindahl,1,0.675235668280346,189.065987118497,280,27.4.a,R03 DK
74,R07,642,1490,7,Rasmussenh,1,0.710937996022841,199.062638886396,280,27.4.a,R07 DK
74,R09,642,2524,9,gillespiemules,1,0.707367812794756,198.062987582532,280,27.4.a,R09 DK
74,R08,642,2876,8,hendersong,1,0.693087079882416,194.064382367076,280,27.4.a,R08 DK
74,R06,642,3197,6,Huseboe,1,0.707367812794756,198.062987582532,280,27.4.a,R06 DK
74,R02,642,3749,2,Mjanger,1,0.714508179250926,200.062290190259,280,27.4.a,R02 DK
74,R01,642,4272,1,solbakken,1,0.703797629566671,197.063336278668,280,27.4.a,R01 DK
74,R05,642,4554,5,skadal,1,0.707367812794756,198.062987582532,280,27.4.a,R05 DK
74,R03,642,5139,3,sindahl,1,0.703797629566671,197.063336278668,280,27.4.a,R03 DK
74,R07,643,1492,7,Rasmussenh,1,0.621519858299167,174.025560323767,280,27.4.a,R07 DK
74,R09,643,2523,9,gillespiemules,1,0.625090864291339,175.025442001575,280,27.4.a,R09 DK
74,R08,643,2878,8,hendersong,1,0.625090864291339,175.025442001575,280,27.4.a,R08 DK
74,R06,643,3328,6,Huseboe,1,0.639374888260028,179.024968712808,280,27.4.a,R06 DK
74,R02,643,3750,2,Mjanger,1,0.639374888260028,179.024968712808,280,27.4.a,R02 DK
74,R01,643,4279,1,solbakken,1,0.650087906236545,182.024613746233,280,27.4.a,R01 DK
74,R05,643,4556,5,skadal,1,0.635803882267856,178.025087035,280,27.4.a,R05 DK
74,R03,643,5137,3,sindahl,1,0.614377846314822,172.02579696815,280,27.4.a,R03 DK
74,R07,644,1494,7,Rasmussenh,1,0.738040763819655,206.651413869503,280,27.4.a,R07 DK
74,R07,644,1494,7,Rasmussenh,2,0.932108599483003,260.990407855241,280,27.4.a,R07 DK
74,R09,644,2522,9,gillespiemules,1,0.751942792486469,210.543981896211,280,27.4.a,R09 DK
74,R06,644,3192,6,Huseboe,1,0.733743093667279,205.448066226838,280,27.4.a,R06 DK
74,R01,644,4285,1,solbakken,1,0.733743093667279,205.448066226838,280,27.4.a,R01 DK
74,R01,644,4285,1,solbakken,2,0.925157585149596,259.044123841887,280,27.4.a,R01 DK
74,R02,644,4333,2,Mjanger,1,0.751942792486469,210.543981896211,280,27.4.a,R02 DK
74,R05,644,4558,5,skadal,1,0.748467285319765,209.570839889534,280,27.4.a,R05 DK
74,R05,644,4558,5,skadal,2,0.943357283968785,264.14003951126,280,27.4.a,R05 DK
74,R09,645,2521,9,gillespiemules,1,0.588493799765212,164.778263934259,280,27.4.a,R09 DK
74,R06,645,3190,6,Huseboe,1,0.599159653150932,167.764702882261,280,27.4.a,R06 DK
74,R02,645,3752,2,Mjanger,1,0.581044034090616,162.692329545373,280,27.4.a,R02 DK
74,R01,645,4320,1,solbakken,1,0.581044034090616,162.692329545373,280,27.4.a,R01 DK
74,R05,645,4560,5,skadal,1,0.595604368689025,166.769223232927,280,27.4.a,R05 DK
74,R05,645,4560,5,skadal,2,0.818067185831933,229.058812032941,280,27.4.a,R05 DK
74,R05,645,4560,5,skadal,3,0.900517121957351,252.144794148058,280,27.4.a,R05 DK
74,R07,646,1498,7,Rasmussenh,1,0.771560133663602,216.036837425808,280,27.4.a,R07 DK
74,R09,646,2520,9,gillespiemules,1,0.832333381901785,233.0533469325,280,27.4.a,R09 DK
74,R08,646,2884,8,hendersong,1,0.796555201129656,223.035456316304,280,27.4.a,R08 DK
74,R06,646,3188,6,Huseboe,1,0.839474829749229,235.052952329784,280,27.4.a,R06 DK
74,R02,646,3753,2,Mjanger,1,0.839474829749229,235.052952329784,280,27.4.a,R02 DK
74,R01,646,4322,1,solbakken,1,0.839474829749229,235.052952329784,280,27.4.a,R01 DK
74,R05,646,4562,5,skadal,1,0.821621210130619,230.053938836573,280,27.4.a,R05 DK
74,R07,647,1500,7,Rasmussenh,1,0.823667683926128,230.626951499316,280,27.4.a,R07 DK
74,R09,647,2519,9,gillespiemules,1,0.841743922819386,235.688298389428,280,27.4.a,R09 DK
74,R08,647,2886,8,hendersong,1,0.834621555609169,233.694035570567,280,27.4.a,R08 DK
74,R06,647,3186,6,Huseboe,1,0.85598865723982,239.67682402715,280,27.4.a,R06 DK
74,R02,647,3754,2,Mjanger,1,0.848866290029603,237.682561208289,280,27.4.a,R02 DK
74,R01,647,4342,1,solbakken,1,0.848866290029603,237.682561208289,280,27.4.a,R01 DK
74,R05,647,4564,5,skadal,1,0.852427473634712,238.679692617719,280,27.4.a,R05 DK
74,R05,647,4564,5,skadal,2,0.992124596837092,277.794887114386,280,27.4.a,R05 DK
74,R07,648,1502,7,Rasmussenh,1,0.77552615707654,217.147323981431,280,27.4.a,R07 DK
74,R07,648,1502,7,Rasmussenh,2,0.972084538773846,272.183670856677,280,27.4.a,R07 DK
74,R09,648,2518,9,gillespiemules,1,0.793371773264344,222.144096514016,280,27.4.a,R09 DK
74,R08,648,2888,8,hendersong,1,0.804079142977027,225.142160033568,280,27.4.a,R08 DK
74,R06,648,3327,6,Huseboe,1,0.804079142977027,225.142160033568,280,27.4.a,R06 DK
74,R06,648,3327,6,Huseboe,2,0.997068401436772,279.179152402296,280,27.4.a,R06 DK
74,R02,648,4330,2,Mjanger,1,0.796940896501905,223.143451020534,280,27.4.a,R02 DK
74,R01,648,4344,1,solbakken,1,0.807648266214588,226.141514540085,280,27.4.a,R01 DK
74,R01,648,4344,1,solbakken,2,1.01491401762458,284.175924934881,280,27.4.a,R01 DK
74,R05,648,4566,5,skadal,1,0.796940896501905,223.143451020534,280,27.4.a,R05 DK
74,R05,648,4566,5,skadal,2,0.993499278199211,278.179797895779,280,27.4.a,R05 DK
74,R07,649,1504,7,Rasmussenh,1,0.685899040298883,192.051731283687,280,27.4.a,R07 DK
74,R07,649,1504,7,Rasmussenh,2,0.880860973361451,246.641072541206,280,27.4.a,R07 DK
74,R09,649,2515,9,gillespiemules,1,0.685899040298883,192.051731283687,280,27.4.a,R09 DK
74,R09,649,2515,9,gillespiemules,2,0.90258200905935,252.722962536618,280,27.4.a,R09 DK
74,R08,649,2890,8,hendersong,1,0.668237667399405,187.106546871833,280,27.4.a,R08 DK
74,R08,649,2890,8,hendersong,2,0.895517459899559,250.744888771876,280,27.4.a,R08 DK
74,R05,649,4568,5,skadal,1,0.697023252257095,195.166510631987,280,27.4.a,R05 DK
74,R05,649,4568,5,skadal,2,0.891985185319663,249.755851889506,280,27.4.a,R05 DK
74,R05,649,4568,5,skadal,3,0.992998426430843,278.039559400636,280,27.4.a,R05 DK
74,R06,649,3302,6,Huseboe,1,0.685899040298883,192.051731283687,280,27.4.a,R06 DK
74,R06,649,3302,6,Huseboe,2,0.895517459899559,250.744888771876,280,27.4.a,R06 DK
74,R02,649,3697,2,Mjanger,1,0.685899040298883,192.051731283687,280,27.4.a,R02 DK
74,R02,649,3697,2,Mjanger,2,0.906114283639246,253.711999418989,280,27.4.a,R02 DK
74,R01,649,4346,1,solbakken,1,0.668237667399405,187.106546871833,280,27.4.a,R01 DK
74,R01,649,4346,1,solbakken,2,0.899049734479454,251.733925654247,280,27.4.a,R01 DK
74,R07,650,1506,7,Rasmussenh,1,0.625519972267605,175.145592234929,280,27.4.a,R07 DK
74,R07,650,1506,7,Rasmussenh,2,0.90593943748694,253.663042496343,280,27.4.a,R07 DK
74,R09,650,2514,9,gillespiemules,1,0.629068379937896,176.139146382611,280,27.4.a,R09 DK
74,R09,650,2514,9,gillespiemules,2,0.938279958401407,262.718388352394,280,27.4.a,R09 DK
74,R08,650,2892,8,hendersong,1,0.621971564597313,174.152038087248,280,27.4.a,R08 DK
74,R08,650,2892,8,hendersong,2,0.920133068168105,257.637259087069,280,27.4.a,R08 DK
74,R05,650,4570,5,skadal,1,0.636165195278479,178.126254677974,280,27.4.a,R05 DK
74,R05,650,4570,5,skadal,2,0.927229883508688,259.624367382433,280,27.4.a,R05 DK
74,R06,650,3303,6,Huseboe,1,0.625519972267605,175.145592234929,280,27.4.a,R06 DK
74,R06,650,3303,6,Huseboe,2,0.920133068168105,257.637259087069,280,27.4.a,R06 DK
74,R02,650,4328,2,Mjanger,1,0.629068379937896,176.139146382611,280,27.4.a,R02 DK
74,R02,650,4328,2,Mjanger,2,0.941828366071699,263.711942500076,280,27.4.a,R02 DK
74,R01,650,4348,1,solbakken,1,0.625519972267605,175.145592234929,280,27.4.a,R01 DK
74,R01,650,4348,1,solbakken,2,0.913036252827522,255.650150791706,280,27.4.a,R01 DK
74,R07,593,1508,7,Rasmussenh,1,0.647215081484654,181.220222815703,280,27.4.a,R07 DK
74,R07,593,1508,7,Rasmussenh,2,0.949756701931561,265.931876540837,280,27.4.a,R07 DK
74,R09,593,2513,9,gillespiemules,1,0.791181742857374,221.530888000065,280,27.4.a,R09 DK
74,R09,593,2513,9,gillespiemules,2,1.00692010335226,281.937628938633,280,27.4.a,R09 DK
74,R08,593,2774,8,hendersong,1,0.794728001500643,222.52384042018,280,27.4.a,R08 DK
74,R08,593,2774,8,hendersong,2,1.025074659697,287.020904715159,280,27.4.a,R08 DK
74,R05,593,4572,5,skadal,3,1.09684635881916,307.116980469365,280,27.4.a,R05 DK
74,R04,593,3783,4,gault,3,0.784089225570836,219.544983159834,280,27.4.a,R04 DK
74,R04,593,3783,4,gault,4,1.01088962512392,283.049095034697,280,27.4.a,R04 DK
74,R01,593,4350,1,solbakken,1,0.819975075131918,229.593021036937,280,27.4.a,R01 DK
74,R01,593,4350,1,solbakken,2,1.01443588376719,284.042047454813,280,27.4.a,R01 DK
74,R05,593,4572,5,skadal,1,0.819975075131918,229.593021036937,280,27.4.a,R05 DK
74,R05,593,4572,5,skadal,2,1.025074659697,287.020904715159,280,27.4.a,R05 DK
74,R06,593,3304,6,Huseboe,1,0.816428816488649,228.600068616822,280,27.4.a,R06 DK
74,R06,593,3304,6,Huseboe,2,1.025074659697,287.020904715159,280,27.4.a,R06 DK
74,R02,593,3698,2,Mjanger,1,0.831037114190116,232.690391973232,280,27.4.a,R02 DK
74,R02,593,3698,2,Mjanger,2,1.01798214241046,285.034999874928,280,27.4.a,R02 DK
74,R04,593,3783,4,gault,1,0,0,280,27.4.a,R04 DK
74,R04,593,3783,4,gault,2,0.00709251728653845,1.98590484023076,280,27.4.a,R04 DK
74,R07,594,1510,7,Rasmussenh,1,0.771858259036762,216.120312530293,280,27.4.a,R07 DK
74,R07,594,1510,7,Rasmussenh,2,0.928749148401678,260.04976155247,280,27.4.a,R07 DK
74,R09,594,2512,9,gillespiemules,1,0.797075045829039,223.181012832131,280,27.4.a,R09 DK
74,R06,594,3300,6,Huseboe,1,0.790069026652482,221.219327462695,280,27.4.a,R06 DK
74,R06,594,3300,6,Huseboe,2,0.946959916017397,265.148776484871,280,27.4.a,R06 DK
74,R02,594,3699,2,Mjanger,1,0.804776784679922,225.337499710378,280,27.4.a,R02 DK
74,R01,594,4352,1,solbakken,1,0.801273775091644,224.35665702566,280,27.4.a,R01 DK
74,R01,594,4352,1,solbakken,2,0.946959916017397,265.148776484871,280,27.4.a,R01 DK
74,R05,594,4574,5,skadal,1,0.797075045829039,223.181012832131,280,27.4.a,R05 DK
74,R05,594,4574,5,skadal,2,0.960971954370511,269.072147223743,280,27.4.a,R05 DK
74,R07,595,1512,7,Rasmussenh,1,0.727247486568854,203.629296239279,280,27.4.a,R07 DK
74,R07,595,1512,7,Rasmussenh,2,0.96007613623193,268.82131814494,280,27.4.a,R07 DK
74,R09,595,2510,9,gillespiemules,1,0.730808325039451,204.626331011046,280,27.4.a,R09 DK
74,R09,595,2510,9,gillespiemules,2,0.967197813173125,270.815387688475,280,27.4.a,R09 DK
74,R08,595,2778,8,hendersong,1,0.737930001980647,206.620400554581,280,27.4.a,R08 DK
74,R08,595,2778,8,hendersong,2,0.97431949011432,272.80945723201,280,27.4.a,R08 DK
74,R05,595,4576,5,skadal,1,0.720125809627658,201.635226695744,280,27.4.a,R05 DK
74,R05,595,4576,5,skadal,2,0.96007613623193,268.82131814494,280,27.4.a,R05 DK
74,R06,595,3298,6,Huseboe,1,0.727247486568854,203.629296239279,280,27.4.a,R06 DK
74,R06,595,3298,6,Huseboe,2,0.977880328584918,273.806492003777,280,27.4.a,R06 DK
74,R02,595,3700,2,Mjanger,1,0.737930001980647,206.620400554581,280,27.4.a,R02 DK
74,R02,595,3700,2,Mjanger,2,0.970758651643723,271.812422460242,280,27.4.a,R02 DK
74,R01,595,4354,1,solbakken,1,0.74861251739244,209.611504869883,280,27.4.a,R01 DK
74,R01,595,4354,1,solbakken,2,0.970758651643723,271.812422460242,280,27.4.a,R01 DK
74,R07,596,1514,7,Rasmussenh,1,0.748466908102467,209.570734268691,280,27.4.a,R07 DK
74,R07,596,1514,7,Rasmussenh,2,1.01615726137379,284.52403318466,280,27.4.a,R07 DK
74,R09,596,2509,9,gillespiemules,1,0.758900201375912,212.492056385255,280,27.4.a,R09 DK
74,R09,596,2509,9,gillespiemules,2,1.03435864527761,289.620420677732,280,27.4.a,R09 DK
74,R08,596,2772,8,hendersong,1,0.758900201375912,212.492056385255,280,27.4.a,R08 DK
74,R08,596,2772,8,hendersong,2,1.02659055464723,287.445355301224,280,27.4.a,R08 DK
74,R03,596,5113,3,sindahl,2,1.03088088085313,288.646646638877,280,27.4.a,R03 DK
74,R05,596,4578,5,skadal,1,0.773623820855259,216.614669839473,280,27.4.a,R05 DK
74,R05,596,4578,5,skadal,2,1.03088088085313,288.646646638877,280,27.4.a,R05 DK
74,R05,596,4578,5,skadal,3,1.13661141985163,318.251197558456,280,27.4.a,R05 DK
74,R03,596,5113,3,sindahl,1,0.766668292006296,214.667121761763,280,27.4.a,R03 DK
74,R06,596,3296,6,Huseboe,1,0.763190527581814,213.693347722908,280,27.4.a,R06 DK
74,R06,596,3296,6,Huseboe,2,1.0378364097021,290.594194716587,280,27.4.a,R06 DK
74,R02,596,3701,2,Mjanger,1,0.766668292006296,214.667121761763,280,27.4.a,R02 DK
74,R02,596,3701,2,Mjanger,2,1.03088088085313,288.646646638877,280,27.4.a,R02 DK
74,R01,596,4356,1,solbakken,1,0.763190527581814,213.693347722908,280,27.4.a,R01 DK
74,R01,596,4356,1,solbakken,2,1.03088088085313,288.646646638877,280,27.4.a,R01 DK
74,R07,597,1516,7,Rasmussenh,1,0.775032913721711,217.009215842079,280,27.4.a,R07 DK
74,R07,597,1516,7,Rasmussenh,2,0.967914908384468,271.016174347651,280,27.4.a,R07 DK
74,R09,597,2508,9,gillespiemules,1,0.800031835471926,224.008913932139,280,27.4.a,R09 DK
74,R09,597,2508,9,gillespiemules,2,0.982200006527448,275.016001827685,280,27.4.a,R09 DK
74,R08,597,2782,8,hendersong,1,0.785746737328946,220.009086452105,280,27.4.a,R08 DK
74,R08,597,2782,8,hendersong,2,0.971486182920213,272.01613121766,280,27.4.a,R08 DK
74,R05,597,4580,5,skadal,1,0.803603110007671,225.008870802148,280,27.4.a,R05 DK
74,R05,597,4580,5,skadal,2,0.982200006527448,275.016001827685,280,27.4.a,R05 DK
74,R03,597,5110,3,sindahl,1,0.814316933614906,228.008741412174,280,27.4.a,R03 DK
74,R03,597,5110,3,sindahl,2,0.989342555598938,277.015915567703,280,27.4.a,R03 DK
74,R06,597,3294,6,Huseboe,1,0.785746737328946,220.009086452105,280,27.4.a,R06 DK
74,R06,597,3294,6,Huseboe,2,0.982200006527448,275.016001827685,280,27.4.a,R06 DK
74,R02,597,3702,2,Mjanger,1,0.81788820815065,229.008698282182,280,27.4.a,R02 DK
74,R02,597,3702,2,Mjanger,2,0.985771281063193,276.015958697694,280,27.4.a,R02 DK
74,R01,597,4358,1,solbakken,1,0.814316933614906,228.008741412174,280,27.4.a,R01 DK
74,R01,597,4358,1,solbakken,2,0.985771281063193,276.015958697694,280,27.4.a,R01 DK
